id;nome;iban;user_name;abi
1;synthesize mesh deliverables;PS620499031020245723280123346;Account;Bedfordshire tan Hawaii
2;programming;RO64WITB366S1W554849V377;withdrawal Dynamic 1080p;Belarus
3;Legacy;LU840351U8881MY312VZ;connect grey alliance;Implementation Brand
4;quantify;KW11GDUP9680R145951553N43CO86I;Industrial Monaco cohesive;Investor Washington
5;Fantastic;GL3901800500030015;transparent utilize generate;extensible Product
6;up Books Factors;TL325830780164185006639;circuit throughput;Jewelery Intelligent
7;reinvent Connecticut global;DE43550018220069430869;bypass;Small bluetooth Music
8;Cambridgeshire Associate PCI;IT94B704310902775276L734854;Principal silver;Specialist Specialist
9;Electronics;FI5400143200421009;Future Bike Research;Optional Self-enabling Handcrafted
10;emulation;KZ31773422WE88P6N11R;projection Account;Granite bypass fuchsia
